INSERT INTO HOTEL(ID, NAME) VALUES (100001, 'Good hotel');
INSERT INTO HOTEL(ID, NAME) VALUES (100002, 'Bad hotel');

INSERT INTO ROOM(ID, ROOM_NUMBER, FLOOR, BED_COUNT, HOTEL_ID) VALUES (100001, 101, 1, 1, 100001);
INSERT INTO ROOM(ID, ROOM_NUMBER, FLOOR, BED_COUNT, HOTEL_ID) VALUES (100002, 102, 1, 1, 100001);
INSERT INTO ROOM(ID, ROOM_NUMBER, FLOOR, BED_COUNT, HOTEL_ID) VALUES (100003, 103, 1, 1, 100001);
INSERT INTO ROOM(ID, ROOM_NUMBER, FLOOR, BED_COUNT, HOTEL_ID) VALUES (100004, 104, 1, 1, 100001);
INSERT INTO ROOM(ID, ROOM_NUMBER, FLOOR, BED_COUNT, HOTEL_ID) VALUES (100005, 105, 1, 1, 100001);

INSERT INTO ROOM(ID, ROOM_NUMBER, FLOOR, BED_COUNT, HOTEL_ID) VALUES (100006, 201, 2, 3, 100001);
INSERT INTO ROOM(ID, ROOM_NUMBER, FLOOR, BED_COUNT, HOTEL_ID) VALUES (100007, 202, 2, 3, 100001);
INSERT INTO ROOM(ID, ROOM_NUMBER, FLOOR, BED_COUNT, HOTEL_ID) VALUES (100008, 203, 2, 3, 100001);
INSERT INTO ROOM(ID, ROOM_NUMBER, FLOOR, BED_COUNT, HOTEL_ID) VALUES (100009, 204, 2, 3, 100001);
INSERT INTO ROOM(ID, ROOM_NUMBER, FLOOR, BED_COUNT, HOTEL_ID) VALUES (1000110, 205, 2, 3, 100001);

INSERT INTO ROOM(ID, ROOM_NUMBER, FLOOR, BED_COUNT, HOTEL_ID) VALUES (200001, 001, 0, 2, 100002);
INSERT INTO ROOM(ID, ROOM_NUMBER, FLOOR, BED_COUNT, HOTEL_ID) VALUES (200002, 002, 0, 2, 100002);
INSERT INTO ROOM(ID, ROOM_NUMBER, FLOOR, BED_COUNT, HOTEL_ID) VALUES (200003, 003, 0, 3, 100002);
INSERT INTO ROOM(ID, ROOM_NUMBER, FLOOR, BED_COUNT, HOTEL_ID) VALUES (200004, 004, 0, 2, 100002);
INSERT INTO ROOM(ID, ROOM_NUMBER, FLOOR, BED_COUNT, HOTEL_ID) VALUES (200005, 005, 0, 2, 100002);

INSERT INTO ROOM_AVAILABILITY(ID, CUSTOMER_ID, ROOM_ID, HOTEL_ID, DATE_FROM, DATE_TO, IS_RELEVANT) VALUES (100000, 100001, 200001, 100002, '2022-09-18', '2022-09-25', true);
INSERT INTO ROOM_AVAILABILITY(ID, CUSTOMER_ID, ROOM_ID, HOTEL_ID, DATE_FROM, DATE_TO, IS_RELEVANT) VALUES (100001, 100001, 200002, 100002, '2022-09-20', '2022-09-26', true);
INSERT INTO ROOM_AVAILABILITY(ID, CUSTOMER_ID, ROOM_ID, HOTEL_ID, DATE_FROM, DATE_TO, IS_RELEVANT) VALUES (100002, 100002, 200001, 100002, '2022-09-28', '2022-09-29', true);
